subject_id,epoch_idx,label,ROI_Mean_Amp,Peak_Amp,Peak_Latency,Peak_to_Peak
sub-01,0,0,2.502582071816848e-06,1.5421714938551476e-05,0.471,2.3414402726993033e-05
sub-01,1,0,3.840588331276139e-06,1.9422554820425613e-05,0.254,2.856427461623241e-05
sub-01,2,0,5.311530977266852e-06,2.448222473120975e-05,0.304,2.8584613474455374e-05
sub-01,3,0,7.220699340921652e-06,2.732783584382756e-05,0.328,3.132873964344468e-05
sub-01,4,0,8.229853070300276e-06,2.4252570970052696e-05,0.389,2.7695980300202072e-05
sub-01,5,0,3.252649100181197e-06,2.630536013269541e-05,0.256,3.926797569465131e-05
sub-01,6,0,-1.9955985440690605e-06,7.014325791995555e-06,0.571,1.9711705086215428e-05
sub-01,7,0,5.345182367380041e-06,2.1684264346375682e-05,0.582,3.035220499737548e-05
sub-01,8,0,1.6684309483463003e-06,1.0746376511498777e-05,0.397,1.5514562518217215e-05
sub-01,9,0,-9.2807517743577e-07,1.2541474477361603e-05,0.571,3.130794539714054e-05
sub-01,10,0,-9.376881322258869e-07,1.0548932194646051e-05,0.267,2.963134910841401e-05
sub-01,11,1,1.6462694167291633e-06,2.825199741697392e-05,0.333,5.1936971893174317e-05
sub-01,12,0,2.743753887010197e-06,1.634164563865525e-05,0.38,2.2375042020770844e-05
sub-01,13,0,3.004738972357953e-06,1.6998831080550227e-05,0.372,2.5715340659602588e-05
sub-01,14,0,8.626556391074047e-06,4.221999664960716e-05,0.349,4.709415582084965e-05
sub-01,15,1,-1.0668254671949699e-05,6.399871482946509e-06,0.543,3.5116158989654714e-05
sub-01,16,0,3.060254635925719e-06,3.214520799068343e-05,0.453,5.845708504025059e-05
sub-01,18,0,-1.3466449702298488e-06,1.0471013127990443e-05,0.571,2.7735915599700164e-05
sub-01,19,0,1.4589524196862187e-06,1.346772685052967e-05,0.502,2.697062146590337e-05
sub-01,20,1,-2.1312586995932225e-06,2.0071135117923318e-05,0.6,4.2156753507129434e-05
sub-01,21,0,1.328013349091946e-06,1.1993277611546735e-05,0.501,2.3221037162060728e-05
sub-01,22,0,-4.577296237008108e-06,5.119219093665641e-06,0.531,2.671900233058613e-05
sub-01,23,0,-3.5734355743596638e-06,1.6467130248491016e-05,0.414,4.67393001197909e-05
sub-01,24,0,6.642291534183318e-06,2.0618085864273338e-05,0.573,2.968436692287181e-05
sub-01,25,0,1.652054019517102e-06,2.4562581386233965e-05,0.335,3.4749718596345286e-05
sub-01,27,0,-1.462477156442463e-07,1.4401011172369118e-05,0.577,3.720180057119932e-05
sub-01,28,0,6.813280859299348e-07,1.8186049849703604e-05,0.494,4.022097300217129e-05
sub-01,30,0,1.6979127882300788e-06,1.9543668387395404e-05,0.512,2.7566814840156466e-05
sub-01,31,0,3.0460296211187644e-07,2.4215226853707627e-05,0.393,3.9856462727250145e-05
sub-01,32,0,9.345080684392761e-07,1.0661854220366837e-05,0.506,3.242303169464253e-05
sub-01,33,0,1.3660506570675634e-06,2.0142619849280686e-05,0.59,3.415517699714754e-05
sub-01,34,0,-2.1864195071665085e-06,8.456959325656441e-06,0.292,1.9877640935770474e-05
sub-01,35,0,6.853424220716481e-06,2.6260623129505758e-05,0.568,2.936880266126187e-05
sub-01,36,0,6.5936791283102594e-06,2.2910079694074283e-05,0.272,2.7144451935666824e-05
sub-01,37,0,5.4348572545620025e-06,3.214886322436067e-05,0.493,4.198155107169369e-05
sub-01,38,0,-1.302598095358135e-06,1.4535517383748763e-05,0.462,2.967620409242903e-05
sub-01,39,0,1.281793894028223e-06,1.2972693620889466e-05,0.497,2.6323845993370554e-05
sub-01,40,1,-1.367180374055251e-06,2.9321579224286074e-05,0.57,4.407676178966837e-05
sub-01,41,0,-1.9124200249847155e-06,1.3684996395592448e-05,0.456,3.609730551457081e-05
sub-01,42,0,2.1356660768591154e-06,1.6741356428084873e-05,0.463,2.7918221065868647e-05
sub-01,43,0,4.428729816947475e-06,2.5898103627475475e-05,0.559,4.299424419481777e-05
sub-01,44,0,-2.514252411793462e-06,2.1783784881027167e-05,0.53,4.463585270534681e-05
sub-01,45,0,-1.6045517004734937e-06,1.0128722074110149e-05,0.284,3.4559966741109724e-05
sub-01,46,0,1.2976500497594627e-06,1.7527419830746844e-05,0.583,3.4935177745256336e-05
sub-01,47,0,3.6607796624415382e-06,3.3477935325617973e-05,0.309,5.407489330071624e-05
sub-01,48,0,3.29294246816204e-06,2.1182435018970843e-05,0.562,3.194133788989589e-05
sub-01,49,0,1.000095688922819e-05,3.7882573292648564e-05,0.557,3.683914586163464e-05
sub-01,50,0,9.949792486488211e-08,1.4438744724439756e-05,0.412,2.580193429926874e-05
sub-01,51,0,-6.227538714164229e-06,1.3023556768294667e-05,0.6,3.9933375682372213e-05
sub-01,52,0,2.8143564108391926e-06,2.4159708943844107e-05,0.373,4.196074113430303e-05
sub-01,53,0,-2.073102634758584e-06,2.411801893623122e-05,0.299,5.588036766783681e-05
sub-01,54,0,-2.164030631818393e-06,1.1091743108458973e-05,0.508,2.235663217683634e-05
sub-01,55,0,-7.81470620799215e-06,2.9096800000272556e-06,0.577,2.7185673641144272e-05
sub-01,56,0,5.225135269670822e-06,1.8370071521645423e-05,0.595,1.855969846638248e-05
sub-01,57,0,1.8187556814025045e-06,2.2911015160902584e-05,0.537,3.127288566369766e-05
sub-01,58,0,-5.348028709768163e-06,7.3633796688243494e-06,0.537,2.881505468044938e-05
sub-01,59,0,3.574251463361734e-06,2.043024130763681e-05,0.302,4.007158697664722e-05
sub-01,60,0,-1.6360224848961174e-06,1.546358688540047e-05,0.408,3.721441086218893e-05
sub-01,61,0,-4.8331576234774e-06,1.303859043917468e-05,0.505,3.709086497198258e-05
sub-01,62,0,6.823583305663485e-06,2.6900254943041714e-05,0.511,3.54699089131216e-05
sub-01,64,0,-3.85951000362872e-06,1.2629246527644748e-05,0.6,2.7261869346475967e-05
sub-01,65,0,4.070432335788693e-06,2.69291993372918e-05,0.42,3.808647484067567e-05
sub-01,66,0,7.579248811250137e-07,2.4434655633528347e-05,0.518,5.1457126238155555e-05
sub-01,67,1,-5.380521431144269e-06,7.473534185661519e-06,0.29,2.317589355976983e-05
sub-01,68,0,9.377543000485183e-07,1.9865084431782363e-05,0.525,3.078527995302143e-05
sub-01,69,0,6.841459185848727e-06,2.7819725993239798e-05,0.311,2.81851528787215e-05
sub-01,71,0,-1.3815764394461731e-06,1.2090293651052694e-05,0.438,3.473862816541047e-05
sub-01,72,0,2.2629174661389668e-06,1.597838442751293e-05,0.374,2.481288617412227e-05
sub-01,73,0,-4.584044763369463e-06,-1.3857698104153603e-06,0.332,2.006630285994534e-05
sub-01,74,0,4.969130211759047e-06,2.1713915173178813e-05,0.476,2.9039567262026012e-05
sub-01,75,0,-3.1175396489574747e-06,6.1084607464141014e-06,0.271,2.1670692869690212e-05
sub-01,76,0,4.135701813449814e-06,2.736367321417414e-05,0.596,4.2829497651474465e-05
sub-02,1,0,2.2468006680198355e-06,2.312593274430395e-05,0.392,4.97972140091967e-05
sub-02,2,1,2.1236583241403674e-06,3.184997391026713e-05,0.592,6.121683844895647e-05
sub-02,3,0,-1.9490037359820445e-06,1.786708377703037e-05,0.318,4.097536107311896e-05
sub-02,4,0,-5.368503336480538e-06,9.243965626336308e-06,0.314,5.3878240253211566e-05
sub-02,5,1,-3.012405903791601e-06,2.017937164656906e-05,0.391,3.7444738835980395e-05
sub-02,6,0,-4.032610244237538e-06,1.9641139847244313e-05,0.564,4.833117074669879e-05
sub-02,7,0,-1.2163570301390768e-06,1.7611279991945503e-05,0.25,4.667644410772947e-05
sub-02,8,0,-3.412974156057478e-06,9.654813350036277e-06,0.518,4.142205855387098e-05
sub-02,10,1,3.1588883358886495e-06,3.46177816992328e-05,0.557,5.028704229491522e-05
sub-02,11,0,-1.4415031388039887e-07,2.0953905183536156e-05,0.555,3.703510615656271e-05
sub-02,12,0,4.872470977327534e-06,2.3007046318992334e-05,0.26,4.4450343062881064e-05
sub-02,15,1,2.8472218826733594e-06,2.9968886010501032e-05,0.544,4.3618018656841684e-05
sub-02,16,0,-1.1258759989184893e-06,1.4193405487419217e-05,0.478,2.6261031053666686e-05
sub-02,17,0,1.475489740621974e-06,2.5081172507816374e-05,0.517,4.7359464729821844e-05
sub-02,18,0,-4.725074709952591e-06,2.351892674232945e-05,0.6,4.8101020865343354e-05
sub-02,19,0,-2.5361260840294297e-06,2.2558819807174782e-05,0.53,4.48936273390663e-05
sub-02,20,0,-5.183548614370087e-06,1.4992001736331766e-05,0.516,4.339463366099883e-05
sub-02,21,0,1.4210360064799e-06,1.893055336320327e-05,0.526,3.995346167191922e-05
sub-02,22,1,-2.535414588906347e-06,1.6178931363096624e-05,0.288,2.8190735731593354e-05
sub-02,23,0,-4.458125911875074e-07,1.7729444628849966e-05,0.37,4.175287995561905e-05
sub-02,24,0,-7.903780671952931e-07,1.463084577559725e-05,0.293,4.0465787915933046e-05
sub-02,25,0,5.950715745431605e-06,2.2521272128593046e-05,0.497,3.442046747243982e-05
sub-02,26,1,-6.969086927860229e-06,1.024577630783257e-05,0.359,3.6295782718400847e-05
sub-02,27,0,-6.756950386788451e-07,1.8581137077379602e-05,0.497,3.8148492081532566e-05
sub-02,28,0,6.636436278738114e-08,1.723389429671585e-05,0.409,4.103808108854692e-05
sub-02,29,0,-1.4409998972956033e-06,1.1279143282941296e-05,0.511,2.765595070890009e-05
sub-02,30,1,-1.210150555846741e-06,1.2410314235137934e-05,0.522,2.840440616363473e-05
sub-02,32,1,4.2008087284297447e-07,9.623753946164473e-06,0.556,2.2874700160131084e-05
sub-02,33,0,-2.990711228921762e-06,1.0954388411399463e-05,0.25,3.924238792022795e-05
sub-02,34,0,-5.8128930923950305e-06,8.08589147227368e-06,0.278,2.9610391275639374e-05
sub-02,36,0,-4.273911081331381e-06,9.300958146996498e-06,0.6,3.2853340806838966e-05
sub-02,37,1,1.0344298267092562e-06,2.5055292194458445e-05,0.414,3.902639789260918e-05
sub-02,38,0,5.068024457835502e-06,3.150723261133868e-05,0.25,4.306808598201913e-05
sub-02,39,0,-7.096725374843673e-07,2.4935157663691596e-05,0.33,5.197106432637878e-05
sub-02,40,0,-1.2656538703055798e-06,2.825360164420966e-05,0.359,6.30632609122857e-05
sub-02,41,0,-2.0506458227173847e-06,1.5375152180958855e-05,0.273,4.131065656781532e-05
sub-02,42,0,1.682275645486496e-08,2.255237184179779e-05,0.317,4.3495523035925934e-05
sub-02,43,0,-5.196221008952728e-06,1.2744352661489433e-05,0.538,5.18847448332015e-05
sub-02,44,0,4.581912474223965e-06,3.0653549985115426e-05,0.342,4.3222109899556605e-05
sub-02,45,0,-1.0357303618377366e-06,1.7072348220353375e-05,0.519,4.777469226844978e-05
sub-02,46,1,-2.485365778070879e-07,1.5002567842612278e-05,0.443,4.1874357307347764e-05
sub-02,47,1,9.974417353868697e-07,1.8559655201381875e-05,0.595,3.5720281375914854e-05
sub-02,48,0,-3.3340748518817324e-06,1.2825907861663349e-05,0.465,4.66684946979533e-05
sub-03,0,1,1.0195450364168211e-06,1.1129330112918442e-05,0.312,1.5310609219998194e-05
sub-03,1,0,6.425595991888884e-06,1.9616945762390857e-05,0.327,2.658691862587299e-05
sub-03,3,0,2.1169357505032056e-06,1.218488640175857e-05,0.453,2.072885081937498e-05
sub-03,4,0,-3.620459145150304e-07,1.289153365487098e-05,0.382,3.317379292496542e-05
sub-03,5,0,3.9316761918935026e-06,2.166140319106611e-05,0.482,3.375414690746644e-05
sub-03,6,0,1.6320319656005944e-06,1.5691588259109447e-05,0.53,2.2658287061350668e-05
sub-03,7,0,-2.5369929714631314e-06,1.243385199755085e-05,0.29,2.5455022017609547e-05
sub-03,8,1,1.930460219927476e-06,1.9409425981668322e-05,0.341,3.168282541367744e-05
sub-03,9,0,3.5272668073656934e-06,2.2590148748440566e-05,0.401,3.667258135050748e-05
sub-03,10,1,9.367848707546572e-07,1.6119588244453818e-05,0.554,2.4100383041142092e-05
sub-03,11,0,2.1516271054672393e-06,1.1842558943723263e-05,0.25,2.8918393536444016e-05
sub-03,12,0,9.642954223543947e-07,1.2791400080947055e-05,0.539,2.732895449311521e-05
sub-03,13,0,-5.38126124353166e-06,4.997784270855242e-06,0.57,2.1437805538338512e-05
sub-03,14,1,-4.6993477768760143e-07,1.3988311490959683e-05,0.309,2.7102832482911716e-05
sub-03,15,0,2.199074077708198e-06,1.6374297957206064e-05,0.42,1.8546026917106448e-05
sub-03,17,0,-6.754811119161784e-07,9.469854832729983e-06,0.325,2.2997682253604147e-05
sub-03,19,0,2.211165738671302e-06,1.7860056106261566e-05,0.429,3.035072654726717e-05
sub-03,20,0,-2.1106003096473995e-06,9.258325765575895e-06,0.546,2.6605037453939127e-05
sub-03,21,0,3.9762947716122754e-07,1.0005397130831568e-05,0.442,1.9377951955420512e-05
sub-03,22,0,1.090003105141263e-06,1.4686676829702867e-05,0.292,2.4775108466946592e-05
sub-03,24,0,-1.1265851807876284e-07,1.1951424940631316e-05,0.287,2.385801987378005e-05
sub-03,25,0,-1.81299752414722e-06,7.117333929875665e-06,0.265,2.1681524236075612e-05
sub-03,26,0,-1.2589630469594771e-06,9.082163789343922e-06,0.592,2.097216924980903e-05
sub-03,28,0,4.306599302371379e-06,1.3060401502077328e-05,0.542,1.5142340669671209e-05
sub-03,29,0,6.326412715524333e-06,1.9739584863886005e-05,0.473,2.4293036930353245e-05
sub-03,30,0,2.6291923959706593e-06,1.9947472581681352e-05,0.543,3.409556127933795e-05
sub-03,32,1,-1.7342029980672192e-06,9.125803212396471e-06,0.474,2.005765782292338e-05
sub-03,33,0,-2.840083676397662e-06,4.8464592259705624e-06,0.343,3.0269675827828983e-05
sub-03,34,1,2.660885494531748e-06,1.659508082793044e-05,0.534,2.4134780383388965e-05
sub-03,35,0,-1.0496355770462116e-06,1.1312583075029515e-05,0.322,2.656923972114448e-05
sub-03,36,0,3.2833964724882625e-06,1.0831882105631391e-05,0.325,2.1805883800595495e-05
sub-03,37,0,1.8322752229570332e-06,1.7825142214455913e-05,0.333,2.6023172365047018e-05
sub-03,38,0,1.5450627227304282e-06,1.1357630078885849e-05,0.53,2.1152868949358306e-05
sub-03,39,0,-1.265940029740298e-06,9.935608394405873e-06,0.346,2.7587303408856882e-05
sub-03,41,0,5.511033150377481e-06,2.672797282685827e-05,0.277,3.31974236282984e-05
sub-03,42,0,-4.828137027998208e-06,-9.688117035521424e-07,0.41,1.7560052462036117e-05
sub-03,43,0,-4.3653275127475305e-06,4.2708853590544456e-06,0.361,2.1294586758517556e-05
sub-03,44,0,1.9064916795559656e-06,1.2496554725163437e-05,0.486,2.5109882101276672e-05
sub-03,45,0,-1.7522401359772905e-06,8.852128457517985e-06,0.268,2.576119840645466e-05
sub-03,46,1,1.1679835892958235e-06,1.4991564471915738e-05,0.398,2.3430298490128154e-05
sub-03,47,0,-1.3936750192341993e-06,7.85005944306493e-06,0.357,2.1871302163216395e-05
sub-03,48,0,-9.867689578753696e-07,2.2897037056682617e-05,0.585,4.487074406597176e-05
sub-03,49,0,5.7246008290794565e-06,2.9335688355978378e-05,0.4,3.4811804621427973e-05
sub-03,50,1,-5.900282163745369e-06,3.8808999267406e-06,0.344,2.2218043143163036e-05
sub-03,51,0,1.3649109516580888e-06,1.413821762962376e-05,0.31,3.1823868193827143e-05
sub-03,52,0,-2.8555100939427444e-06,7.017550564914074e-06,0.6,2.3738047592204312e-05
sub-03,54,0,2.239793979292932e-06,1.1824818908402537e-05,0.526,2.2177998985115328e-05
sub-03,55,0,3.442245303076955e-06,1.530771350092034e-05,0.295,1.9269782164896658e-05
sub-03,56,0,1.7963810229462144e-06,1.1349257546183045e-05,0.321,2.2533798760836807e-05
sub-03,57,0,1.751802966601739e-06,1.0689046869654649e-05,0.289,2.3596764767811384e-05
sub-03,58,1,2.0276848258513227e-06,2.1173997026658193e-05,0.581,3.410568615704688e-05
sub-03,59,0,9.105194662458679e-07,9.616567256525853e-06,0.521,2.0516689265518703e-05
sub-03,60,0,4.261914777080629e-06,1.5119680022812358e-05,0.457,1.3141588650407713e-05
sub-03,61,1,9.373516498253893e-07,7.595286965839893e-06,0.447,1.1501957238232684e-05
sub-03,62,0,4.6946057444124523e-07,1.569226137502382e-05,0.474,3.336304534787696e-05
sub-03,63,0,-1.0028971661240527e-06,1.0644185730691786e-05,0.327,2.4207021924295753e-05
sub-03,64,0,4.888750167672877e-06,1.7645370739367477e-05,0.33,1.6391325058976466e-05
sub-03,65,1,4.182613067296704e-06,1.5296274203392557e-05,0.371,1.850466141165386e-05
sub-03,66,0,-1.0636261690959371e-07,1.0328918081146171e-05,0.271,2.04345020629662e-05
sub-03,67,0,-2.1288428764952957e-06,1.1863674664107492e-05,0.288,2.716470542803123e-05
sub-03,69,0,5.55772773664543e-06,2.1677503730463235e-05,0.303,2.5138313395258274e-05
sub-03,71,0,-2.0908825764606916e-06,2.6290538234996426e-06,0.285,1.8794465754906637e-05
sub-03,72,0,-1.7555004909730672e-07,1.6281474467539092e-05,0.565,2.6681414859163093e-05
sub-03,73,0,4.635042890325155e-06,1.9857639657915347e-05,0.464,2.6632122318719947e-05
sub-03,75,0,-1.3915129378744696e-06,7.860411545364106e-06,0.505,2.2243430340189424e-05
sub-03,76,0,4.048461676710845e-07,7.929759881188307e-06,0.419,1.4536930671982335e-05
sub-03,77,0,1.9725772956549503e-06,9.340399697488794e-06,0.543,2.0506342009947798e-05
sub-03,79,0,-3.98871196004059e-06,3.4665780843068594e-06,0.28,1.7433710893729866e-05
sub-03,80,0,4.10690973669036e-06,1.957515229063311e-05,0.55,2.2945794652449977e-05
sub-03,82,0,-1.1261672688465622e-06,1.1338454928419961e-05,0.286,2.12631899683546e-05
sub-03,83,1,1.5353675317272432e-07,1.8155740719664433e-05,0.499,3.0512111172847653e-05
sub-03,84,0,2.231575603869619e-06,1.3853310641940208e-05,0.447,2.1612772391055597e-05
sub-03,85,1,-2.17870930034881e-06,1.577755708303343e-05,0.568,3.4869457177915514e-05
sub-03,86,0,4.016806545818442e-06,1.3452772214623723e-05,0.311,1.4693386023446935e-05
sub-03,87,0,2.317027454130166e-06,1.5272335119490957e-05,0.456,2.295282239149743e-05
sub-03,88,0,4.926996005061249e-06,1.884478998969123e-05,0.327,2.0923186910782813e-05
sub-03,90,0,5.605156104701219e-06,2.5334854481281828e-05,0.314,2.415801540780344e-05
sub-03,91,1,1.6755860490795245e-07,1.7143199527620895e-05,0.45,2.752359803188642e-05
sub-03,92,0,6.2412572528396614e-06,1.800618572075107e-05,0.573,2.0940998977669923e-05
sub-03,93,0,-7.267948605980296e-07,7.059871098904938e-06,0.343,2.1278101292940044e-05
sub-03,94,0,7.68773724857926e-07,1.3894867205600903e-05,0.347,2.5634511394200165e-05
sub-03,95,1,-1.3498791922531228e-06,1.4898465407261033e-05,0.379,3.384480158144831e-05
sub-03,97,0,-2.7966176394794657e-06,5.5522958014342455e-06,0.31,2.1853270131163873e-05
sub-03,98,0,1.1667418126543726e-06,1.4824293850619561e-05,0.288,2.390576863172801e-05
sub-03,99,1,-2.7529075621947765e-06,1.1127032558394466e-05,0.379,2.7856115146212842e-05
sub-03,100,0,-2.7307168331561017e-06,1.2615338836146556e-05,0.277,3.097717146916223e-05
sub-03,101,1,-4.776496879989997e-06,9.594895034087857e-06,0.385,2.6987496392580877e-05
sub-03,102,0,-9.925808457349537e-06,-3.364201795525466e-06,0.309,2.623583575999932e-05
sub-03,103,1,-1.963350143779775e-06,7.88479664201088e-06,0.333,2.6938188686337593e-05
sub-03,104,0,9.425732888312453e-07,9.169353936449301e-06,0.3,2.1567593855485883e-05
sub-03,106,0,-4.7846214238561345e-06,8.006979702394342e-06,0.371,3.001039972996227e-05
sub-03,107,0,-3.958350025597e-06,7.296904271782849e-06,0.417,3.073860567130224e-05
sub-03,108,0,-2.5925992958899835e-06,2.1635401045562552e-05,0.31,3.925273798787766e-05
sub-03,109,0,-1.5920869979893643e-06,3.7125890704789635e-06,0.557,2.2632581171237945e-05
sub-03,111,0,-1.0083047595467186e-06,8.986590450537982e-06,0.252,2.5943136664775873e-05
sub-03,113,0,-3.561859444241726e-06,2.1518498922139576e-06,0.535,1.677183943773997e-05
sub-03,114,0,-5.169841829147175e-07,1.3900342784683816e-05,0.334,3.3057865056442825e-05
sub-03,116,0,-4.1984924876721715e-06,4.5222652230393765e-06,0.337,2.3196707792808138e-05
sub-03,117,1,1.6154446591643135e-06,1.359496140112029e-05,0.47,2.0213329046130066e-05
sub-03,118,0,1.9710369953357146e-06,9.328591206181961e-06,0.491,1.8237502956567557e-05
sub-03,119,1,2.9916153120440795e-06,1.7213036329383206e-05,0.321,2.5297549269556892e-05
sub-03,120,0,-2.161060581644702e-07,1.4785794974713852e-05,0.551,3.441290755528031e-05
sub-03,121,0,2.6771177649618447e-06,1.386429074831622e-05,0.441,2.7457629405638826e-05
sub-03,122,0,-1.2387041629698715e-06,7.291531557440756e-06,0.344,2.244470972871797e-05
sub-03,123,0,3.690045068373381e-06,1.7771948354052023e-05,0.519,2.8863774311665948e-05
sub-03,124,0,-1.6543847987847099e-06,1.1348700447614195e-05,0.595,2.308181675646353e-05
sub-03,125,0,-3.4803642562612153e-06,8.796055381381916e-06,0.392,2.4737488616930317e-05
sub-03,126,0,-2.3991008566197107e-06,6.050190394429734e-06,0.523,2.9068237914439377e-05
sub-03,127,0,-4.702532331331162e-06,4.207658890446834e-06,0.396,2.012878165663335e-05
sub-03,128,1,-3.860544925728438e-06,1.3790043791454826e-05,0.561,2.761075835860943e-05
sub-03,129,0,-1.798090572295545e-06,1.5184749366487413e-05,0.309,2.9240007852513366e-05
sub-03,130,0,-1.507740506607109e-06,7.313338060507958e-06,0.506,2.5705297805187617e-05
sub-03,131,0,1.709873792486736e-06,1.2862744157226518e-05,0.544,1.6632789694179443e-05
sub-03,133,0,3.101445020005799e-06,1.2398240372871378e-05,0.333,1.902661301323882e-05
sub-03,135,1,6.988862918592841e-07,1.8373951461766533e-05,0.559,2.818222210355541e-05
sub-03,137,0,1.0503720674150177e-06,1.1337628766777398e-05,0.331,2.1106006321420462e-05
sub-03,138,0,-1.4271876987175232e-06,1.0395903993890745e-05,0.537,2.810864828877699e-05
sub-03,139,1,8.969663352695375e-06,2.821933865180197e-05,0.299,2.0207609009306724e-05
sub-03,140,0,-2.5825653967756254e-06,1.1563051221343879e-05,0.586,2.714811557987018e-05
sub-03,141,1,-1.1148279736099506e-07,1.761279485268981e-05,0.552,3.23137467861982e-05
sub-03,142,1,4.979027024507033e-06,2.0908532150782285e-05,0.404,2.4276704602137936e-05
sub-03,143,0,2.976529660378554e-06,2.0786160715484368e-05,0.286,2.992733554136196e-05
sub-03,144,0,-9.36055576579739e-08,1.7432806781367626e-05,0.315,3.369090190032281e-05
sub-03,145,0,2.0121345026684823e-08,1.0368107664485234e-05,0.453,2.064186209587464e-05
sub-03,147,0,-1.6949531418121314e-07,2.8742445521469757e-06,0.251,1.1353918182646513e-05
sub-03,148,0,-4.5666792396308785e-07,1.7874902997501072e-05,0.5,3.0234551229646776e-05
sub-03,149,0,-2.70139670971876e-07,1.460731786785455e-05,0.515,3.482514261497772e-05
sub-03,150,1,5.458582074821189e-07,1.5026177258605194e-05,0.564,2.431507188944637e-05
sub-03,151,0,5.987332748907466e-07,1.3220501479273957e-05,0.463,2.2358131178277467e-05
sub-03,152,0,2.312043018776271e-06,1.2496395121421982e-05,0.422,2.393650477570637e-05
sub-03,153,0,3.968996680909753e-06,2.0178071606374705e-05,0.338,2.9503586242550583e-05
sub-03,154,0,-9.42846217746168e-07,9.81893898045907e-06,0.314,2.248138847184958e-05
sub-03,155,1,7.096232816987534e-07,8.663905759615948e-06,0.273,1.5183688068907237e-05
sub-03,156,1,1.1681693558740613e-06,1.6924405472339023e-05,0.453,2.427670128361928e-05
sub-03,157,0,-1.1527894999804698e-06,1.7484152742160656e-05,0.384,3.562279152025611e-05
sub-03,158,0,-1.685582920430995e-06,7.856196439069296e-06,0.285,3.080542584451822e-05
sub-03,159,0,1.822241893781653e-06,9.939659142262067e-06,0.407,1.7784577587100033e-05
sub-03,160,0,1.2176976005604243e-06,7.83117478475213e-06,0.363,1.905690490685029e-05
sub-03,162,0,3.98415272181248e-06,1.912571614938398e-05,0.267,2.4744202322124432e-05
sub-03,163,0,-5.455839690330477e-06,6.4992749508296295e-06,0.359,2.788861271347287e-05
sub-03,164,0,-8.225334944996983e-07,1.605464326149425e-05,0.525,3.2407212068620304e-05
sub-03,165,0,-3.9113822967448437e-07,1.0051628780206002e-05,0.326,2.284220035041626e-05
sub-03,166,0,-2.791842485953904e-06,9.03572623551271e-06,0.438,2.3304115065295294e-05
sub-03,169,0,2.374808322392059e-06,1.9594028421338934e-05,0.418,2.4099380119598816e-05
sub-03,170,1,3.164437283415271e-07,9.392172293739593e-06,0.6,2.191256863821364e-05
sub-03,171,0,1.4574602006450235e-06,1.612189237352572e-05,0.317,3.4142921174653564e-05
sub-03,173,0,7.220689044963584e-07,1.6409389458098656e-05,0.581,2.9246579233589005e-05
sub-03,174,0,-5.698293901784682e-08,1.3044309439279322e-05,0.561,2.181075688530779e-05
sub-03,175,0,1.0990329699297593e-06,1.4134041506344865e-05,0.419,3.678372828172143e-05
sub-03,176,1,1.7733031280660124e-06,1.4235644857050567e-05,0.313,2.1188040503288746e-05
sub-03,177,0,-3.7429061347048265e-08,1.3760600744148246e-05,0.469,3.536510865866397e-05
sub-03,178,1,1.1790527299252492e-05,3.503840494416227e-05,0.452,2.869702201164427e-05
sub-03,179,1,2.1358124653907125e-07,2.0830624694966605e-05,0.554,3.421068919414351e-05
sub-03,180,0,-5.027501053507865e-06,1.265928415089633e-06,0.596,1.3620233545639157e-05
sub-03,182,0,4.099698700361165e-06,2.1743679965510118e-05,0.361,3.312858614857143e-05
sub-03,184,1,1.195505677222015e-05,3.687196880612879e-05,0.495,2.3984645891770077e-05
sub-03,185,0,-4.3707815433936165e-07,1.3473938468435433e-05,0.51,2.1138218736144255e-05
sub-03,186,0,-1.8518105918658875e-06,7.095556654756664e-06,0.563,2.127596728140102e-05
sub-03,187,0,-3.1543429029205655e-07,1.3259145606032061e-05,0.327,2.2821163648688537e-05
sub-03,188,0,6.980949687734875e-06,2.460294081132979e-05,0.532,2.4323069846614045e-05
sub-03,189,1,4.2577290811956755e-06,2.2635399928025632e-05,0.301,2.6597668236457796e-05
sub-03,190,0,-1.3621043916522486e-06,1.1087931042094902e-05,0.491,3.091135312516765e-05
sub-03,191,1,1.8791673237145209e-06,1.2413247140946557e-05,0.33,2.4116751545946313e-05
sub-03,192,0,1.452367401662155e-06,1.8483501559706825e-05,0.355,3.726358923096812e-05
sub-03,193,0,-3.4190757043557806e-07,7.548231980274363e-06,0.531,2.0205909153332947e-05
sub-03,194,0,4.170950888069773e-06,1.5324798241513702e-05,0.302,2.5035002958553324e-05
sub-03,195,0,1.0422980796142582e-06,1.2507114837412278e-05,0.307,2.2733140639342146e-05
sub-03,196,0,-4.232504233758661e-08,1.3727253465834768e-05,0.371,2.6196333311875805e-05
sub-03,198,0,-3.234921453522845e-06,4.3224604426199595e-06,0.566,2.1295379084535557e-05
sub-03,199,0,-3.54197844628233e-06,6.469864528870001e-06,0.27,2.9751691911354665e-05
sub-03,200,0,-2.3285047691548335e-06,1.0453874941299624e-05,0.333,2.9069160534675392e-05
sub-03,201,0,3.879749170752621e-07,1.1766099176044402e-05,0.318,2.1906654115946687e-05
sub-03,203,0,3.2814217904475647e-06,1.5058283900737792e-05,0.533,1.8416610313291056e-05
sub-03,204,1,-6.145166974262059e-06,1.9708753146924165e-06,0.512,2.097945747027341e-05
sub-03,206,0,-3.0104186820673114e-06,6.403905272679039e-06,0.508,2.1149143985392725e-05
sub-03,207,0,2.40787619164325e-06,1.5888024623154035e-05,0.297,3.5732471248784444e-05
sub-03,208,1,-7.470926947331712e-07,1.3879516335286146e-05,0.306,2.9598500251455488e-05
sub-03,209,0,1.549802634046497e-06,1.5074374910121328e-05,0.327,3.3853926497392386e-05
sub-03,210,0,6.450930632254801e-07,1.5371752215662177e-05,0.583,2.7440767426859204e-05
sub-03,211,1,6.585091158695876e-07,1.5992857916625692e-05,0.339,2.8055094650088008e-05
sub-03,212,0,1.307384310636895e-06,2.2558489217398606e-05,0.297,4.295822663121899e-05
sub-03,213,0,4.236494258842092e-06,2.5587491558849154e-05,0.551,3.774928455650059e-05
sub-03,214,0,-3.706870781084649e-08,6.719406979970097e-06,0.329,1.8580863642246614e-05
sub-03,216,0,-5.1710670726079896e-06,9.664972898396205e-06,0.25,2.9960503100674752e-05
sub-03,217,0,-8.481242692400514e-08,1.3966204679650143e-05,0.25,3.168301080572736e-05
sub-03,219,1,-1.2030043567117693e-06,1.424766016356628e-05,0.6,2.769364606798355e-05
sub-03,220,0,6.219984765862246e-06,2.535334267246303e-05,0.274,3.0513695535486347e-05
sub-03,221,0,-2.390002161032356e-06,8.377590826837436e-06,0.386,1.9908322557957096e-05
sub-03,222,0,-1.7620249559249109e-06,8.985686644817747e-06,0.435,2.4057927923870842e-05
sub-03,223,0,-4.475739218275603e-06,6.4402382958500495e-06,0.426,2.4557496368095117e-05
sub-03,224,1,6.244736909787468e-06,2.402338824722928e-05,0.469,2.5948926976252427e-05
sub-03,225,0,3.7659355580882687e-06,1.865672950614283e-05,0.284,2.071462894094609e-05
sub-03,226,1,3.336259701681429e-06,1.6522197458347635e-05,0.451,2.1370650629153127e-05
sub-03,227,0,3.487796873426918e-06,1.2023017493764212e-05,0.282,2.0062764799216106e-05
sub-03,228,0,-3.96186573530296e-06,7.061563886863139e-06,0.366,2.1983553849089352e-05
sub-03,229,0,-3.1727222235936735e-06,7.708902835760894e-06,0.375,2.2108218850553855e-05
sub-03,230,0,1.1982335258441543e-06,1.4987082731999574e-05,0.437,2.1693361938134452e-05
sub-03,232,0,6.565919960838869e-07,1.3168962408678494e-05,0.314,1.854503690047379e-05
sub-03,233,0,1.7359668277443321e-06,1.894562169750217e-05,0.533,2.9066209953716314e-05
sub-03,235,0,5.9536434844038226e-08,5.166509535458544e-06,0.546,1.774788829135635e-05
sub-03,236,0,5.417329510483121e-06,1.9403246640808414e-05,0.6,1.865284671815346e-05
sub-03,237,0,-3.170039134408039e-06,1.3730383222004655e-05,0.323,3.806389120438563e-05
sub-03,238,1,-2.392146134742699e-07,1.2383937130314037e-05,0.556,2.460646645039403e-05
sub-03,239,1,-9.130852590460207e-07,1.6468312688790295e-05,0.441,2.599520177230251e-05
sub-03,240,0,8.40994421969043e-07,1.186159992085172e-05,0.345,2.0885018082049903e-05
sub-03,241,0,-5.787650136157812e-07,7.005045561260074e-06,0.275,1.824963418659159e-05
sub-03,243,0,-1.6856484142942998e-06,1.579810013565934e-05,0.34,3.3285502988600177e-05
sub-03,245,0,-2.677190622393325e-06,9.905313619883572e-06,0.574,2.432620121864809e-05
sub-03,246,0,8.575901534373863e-07,1.0624725647917946e-05,0.264,1.8460345079875627e-05
sub-03,247,0,-5.405137636388749e-07,7.903665848031976e-06,0.311,2.1297001888352867e-05
sub-03,248,0,3.832515341389302e-07,1.3841794071210868e-05,0.328,2.3952393561834493e-05
sub-03,250,0,-4.385930136768675e-07,1.1481487018302591e-05,0.507,2.4862957614233516e-05
sub-03,251,0,-1.1346086178094564e-06,7.081258568896428e-06,0.557,2.1301430921678086e-05
sub-03,252,0,4.3858938532455264e-07,1.4841236132620456e-05,0.481,2.3657690842314884e-05
sub-03,254,0,-1.4815825366204714e-06,1.5196040208778088e-05,0.493,2.8090416029890358e-05
sub-03,255,0,6.515934889578128e-06,2.4883066454576107e-05,0.502,2.8978738777690763e-05
sub-03,257,1,-7.0504017696528695e-06,7.443441060432558e-08,0.347,1.8540970818354128e-05
sub-03,258,0,3.3490864936106073e-06,1.8330916686933096e-05,0.508,2.8328911230563692e-05
sub-03,259,0,1.048878014097016e-06,1.7919146033790436e-05,0.532,3.9851226202918804e-05
sub-03,260,0,3.7172045417019722e-06,1.4009294463796834e-05,0.284,2.1012520716864997e-05
sub-03,261,1,-2.343768916584371e-06,9.856350668209572e-06,0.358,2.7450495747398776e-05
sub-03,262,0,-2.085127673464833e-06,1.102473197856555e-05,0.528,2.2280959592399448e-05
sub-03,263,0,5.365658864875002e-06,1.6654286511132405e-05,0.524,1.821923623664294e-05
sub-03,264,0,5.825130359734685e-07,1.9870316868349337e-05,0.564,3.2603949079909206e-05
sub-03,265,0,9.527292932823764e-07,9.57937087972866e-06,0.496,1.996545194096582e-05
sub-03,266,1,9.191475384760496e-06,2.8152668045734414e-05,0.322,2.766819584338771e-05
sub-03,267,0,-1.3719261726820407e-06,5.139171726316761e-06,0.6,1.6364763415630016e-05
sub-03,268,0,9.279777657459751e-07,1.0754749773487317e-05,0.319,1.9945084290006184e-05
sub-03,269,1,1.656814954629422e-06,1.6966152276785995e-05,0.572,3.077839074550703e-05
sub-03,270,0,3.895021313478379e-06,1.413037297549475e-05,0.59,1.2813001195474332e-05
sub-03,271,0,-3.54973464515419e-06,1.161231688387815e-05,0.6,3.0854755732746246e-05
sub-03,272,0,-7.162749314492388e-07,6.483168027596625e-06,0.399,1.6050087011818117e-05
sub-03,273,0,-3.0487672631700494e-06,1.2659092814089747e-05,0.315,3.411890660365999e-05
sub-03,274,0,-2.161976423942196e-06,9.066084686878437e-06,0.471,2.8170134587914926e-05
sub-03,275,1,2.2980230243875315e-06,1.1701004877196293e-05,0.418,1.6187678786779747e-05
sub-03,276,0,3.319793477070747e-06,2.6451644091806963e-05,0.297,3.4674873455490844e-05
sub-03,277,0,-1.6613491802984726e-06,6.7784634614466116e-06,0.462,2.6773075902759195e-05
sub-03,278,1,-2.8899687846507967e-06,1.0206656630910774e-05,0.314,2.452270182147132e-05
sub-03,279,0,3.894749155121031e-07,1.608340672184498e-05,0.6,3.15986729346885e-05
sub-03,280,0,-2.00083261904193e-06,2.252694915837193e-06,0.271,1.8374759716337004e-05
sub-03,281,0,-1.4376172152637706e-06,5.724473689358864e-06,0.322,1.9196851391464803e-05
sub-03,283,0,7.72958084844382e-07,1.184506272179469e-05,0.408,2.109748051231523e-05
sub-03,285,0,1.2711183803056029e-06,1.2918308144082867e-05,0.535,2.1792574962244113e-05
sub-03,286,0,8.825849380548399e-07,9.251890303905396e-06,0.396,2.1675702484896247e-05
sub-03,287,0,-9.412483572019789e-07,1.2052725370812348e-05,0.479,2.3389814493101283e-05
sub-03,288,0,6.371581308453097e-07,8.040753258948647e-06,0.546,1.4437517208897197e-05
sub-03,289,0,-3.20381771764263e-06,1.100585426250952e-05,0.274,2.7321380789197464e-05
sub-03,290,0,3.971315279642631e-06,1.893874069223632e-05,0.476,2.1612626172188396e-05
sub-03,292,0,3.2158082271844457e-06,1.812183319886073e-05,0.274,2.9397011490254244e-05
sub-03,293,0,-2.0261300109060654e-06,1.5215142425055076e-05,0.593,3.6179383865589984e-05
sub-03,294,1,-7.840964399222486e-06,3.566082448292613e-07,0.599,2.253956102551549e-05
sub-03,295,0,6.221686883881723e-06,1.9807545004355633e-05,0.357,2.2531461897481954e-05
sub-03,296,0,5.162659167686932e-06,1.9966434474943627e-05,0.412,2.7603104952788437e-05
sub-03,298,0,2.17453824014567e-06,1.6887086190569784e-05,0.549,2.9118447601214016e-05
sub-03,300,0,-1.099468249385003e-06,9.356286080827749e-06,0.35,3.003098209369599e-05
sub-03,301,1,-1.4010147965452738e-06,3.7599649443985225e-06,0.537,1.496285174007985e-05
sub-03,302,0,-2.3825610890064337e-06,4.561431105031591e-06,0.487,2.4805109002750786e-05
sub-03,303,1,1.1904002011864329e-06,1.2077499371984407e-05,0.498,1.8643215054226977e-05
sub-03,304,0,1.1515170535082111e-06,1.4319468239946441e-05,0.38,2.7928148943372055e-05
sub-03,305,0,2.5347774103347037e-06,1.8052257284486294e-05,0.525,2.5935273572359182e-05
sub-03,307,0,-7.729690362863575e-07,1.1318808500920451e-05,0.281,1.515424522400521e-05
sub-03,308,0,6.235650111604075e-07,7.363952746242314e-06,0.315,2.1645166790217197e-05
sub-03,309,1,-1.7923398342895738e-07,1.9787790556300106e-05,0.565,3.152426807473816e-05
sub-03,310,0,-2.9250852799212036e-06,7.436068899040346e-06,0.277,2.4469151504277276e-05
sub-03,311,0,2.0332198454948435e-07,1.6876693635827008e-05,0.302,3.500502226993152e-05
sub-03,312,1,3.984291298570953e-06,1.9280213614078224e-05,0.596,2.138116525725444e-05
sub-03,313,0,1.4311100456453795e-06,1.9349101530984362e-05,0.507,3.438358656161029e-05
sub-03,314,0,-8.341535457456044e-06,-9.64737866025966e-07,0.527,2.9067633724213132e-05
sub-03,315,0,-7.01650555661933e-06,3.946722461204299e-06,0.301,2.715731831403985e-05
sub-03,316,0,4.810616489688565e-06,2.2692465123586184e-05,0.496,3.191113095807887e-05
sub-03,317,1,-3.3529815624136114e-06,1.3086162494159282e-05,0.537,2.838381425210646e-05
sub-03,318,0,-5.668264054057103e-07,7.988835778482003e-06,0.322,1.9451553450916953e-05
sub-03,319,0,-3.3439071008254347e-06,7.2272000239713475e-06,0.56,2.2453597015037738e-05
sub-03,320,1,-3.534895507189783e-06,7.6102958322147685e-06,0.325,2.0187807486745487e-05
sub-03,321,0,-8.896902902747511e-07,6.681399476150585e-06,0.549,2.05712309525682e-05
sub-03,324,0,2.357784128219954e-06,1.5476652051178804e-05,0.329,2.2938012926754803e-05
sub-03,325,0,-3.4460650292296916e-06,9.113193353856872e-06,0.27,2.4664602025462888e-05
sub-03,326,0,-9.985974187329743e-07,1.5050015394130925e-05,0.528,3.28331507013369e-05
sub-03,327,0,7.105327594526351e-06,2.5132346726382268e-05,0.499,4.5755396732094745e-05
sub-03,328,0,2.801885021191816e-06,2.076575097232423e-05,0.51,2.9421406607573195e-05
sub-03,330,0,-3.7879443329977905e-06,1.4665702028064576e-05,0.264,3.3621062358337456e-05
sub-03,331,0,-1.1931053601074783e-06,8.769054274650223e-06,0.562,1.5517501353287387e-05
sub-03,332,1,-2.33289354835206e-06,1.628931256479562e-05,0.6,2.865618245177289e-05
sub-03,333,0,3.5868155070824564e-07,1.4308671122870408e-05,0.31,2.3133887699336402e-05
sub-03,335,0,3.292011508729468e-06,2.0434459408101867e-05,0.34,3.105350142027118e-05
sub-03,336,1,1.0660182039203484e-06,1.9746579019195255e-05,0.516,3.117739562602534e-05
sub-03,337,0,-1.5808308631409006e-06,1.9649026897343047e-05,0.499,3.4028030961317325e-05
sub-03,338,1,-6.679251868395017e-06,8.07075982128605e-06,0.574,2.632293059125138e-05
sub-03,339,0,1.8559270166482437e-06,1.1665953015290228e-05,0.397,2.3149707223581128e-05
sub-03,341,0,-1.1266532829948371e-06,9.117463601401447e-06,0.377,2.2092855849583743e-05
sub-03,342,1,2.427148997884694e-06,1.497709432577201e-05,0.499,2.3729475589617712e-05
sub-03,343,0,-7.566241536750003e-06,8.045807378999984e-06,0.54,3.1533483421149775e-05
sub-03,344,0,-1.6853971390445725e-06,3.7737185270535748e-06,0.449,2.0527679191748214e-05
sub-03,345,1,-1.7969484576680913e-06,5.892674068736759e-06,0.522,1.990548899987652e-05
sub-03,346,0,-2.4613863832663145e-06,8.291041886304027e-06,0.534,2.794715830710583e-05
sub-03,347,0,2.7670660135295667e-06,2.4049393230254046e-05,0.279,4.0398674947417064e-05
sub-03,348,0,-9.033172264698348e-07,1.2996362121965019e-05,0.499,2.4459071322631e-05
sub-03,349,0,-6.808024915032044e-07,6.040574088752318e-06,0.352,2.2695415801233527e-05
sub-03,350,0,3.2710941932743463e-06,1.4800865369392524e-05,0.365,1.858004788063014e-05
sub-03,351,0,6.446412922779431e-07,5.30102902061937e-06,0.54,1.8373600631795844e-05
sub-03,352,1,-2.0750340121791692e-06,4.234106696080313e-06,0.433,2.0604196306285874e-05
sub-03,354,0,6.7968960927263535e-06,1.9554088096347186e-05,0.529,1.911495803863671e-05
sub-03,355,0,-1.04578525832273e-06,1.2375751319506173e-05,0.316,3.161586322357866e-05
sub-03,356,1,5.031555386164228e-06,2.8882028296132553e-05,0.586,4.228088538538107e-05
sub-03,357,0,-2.296628250534665e-06,1.7281082009616447e-05,0.34,3.391776017469406e-05
sub-03,358,0,-1.9279416610805914e-06,1.549722202798135e-05,0.27,2.913588896167353e-05
sub-03,359,0,1.7277668044998393e-06,9.989771158090915e-06,0.578,2.2557687024447235e-05
sub-03,360,0,-1.3130982013851727e-06,1.312339396088857e-05,0.362,2.0721794333678383e-05
sub-03,361,0,-2.6784287383326264e-06,3.031724491981009e-06,0.512,2.089744603817061e-05
sub-03,362,0,1.3214184648988839e-06,2.2806015613170795e-05,0.527,4.412849821244394e-05
sub-03,363,0,7.046134110575255e-07,1.6672582166923358e-05,0.271,2.6550661928493552e-05
sub-03,364,0,-8.015888219546438e-07,9.846269713837422e-06,0.386,2.3121898596884237e-05
sub-03,365,0,-8.148919939374556e-06,-3.319465341485169e-06,0.509,2.4662324788845577e-05
sub-03,366,0,1.5643846304141415e-06,1.7285867816464212e-05,0.51,2.9780973318280644e-05
sub-03,367,0,-1.3423261621897935e-06,1.1182163689147744e-05,0.263,2.401957882565319e-05
sub-03,368,0,-2.3871540546336033e-06,3.274855219291492e-06,0.477,1.4958333565286816e-05
sub-03,369,1,3.3295463234279368e-06,1.8210487157068097e-05,0.337,5.221352850177133e-05
sub-03,370,0,-5.384179593327956e-07,1.3137383844231222e-05,0.323,2.4800018840105758e-05
sub-03,371,1,2.8851401156397535e-06,1.2474841844079432e-05,0.504,2.1759327216269196e-05
sub-03,372,0,-3.5224843379403247e-06,1.0609146728555839e-05,0.318,3.0536846659878695e-05
sub-03,373,0,7.811820470308442e-06,2.6102135167004202e-05,0.3,2.5669073217215806e-05
sub-03,374,0,1.3823763252416135e-06,9.5635039853871e-06,0.522,2.6153457462466567e-05
sub-03,375,1,2.282104867371735e-07,8.38922068526939e-06,0.549,1.821054168191815e-05
sub-03,376,0,8.273539055159666e-08,1.0624035534042092e-05,0.511,2.3190790849758754e-05
sub-03,377,1,5.723442591043554e-07,1.5831093962770898e-05,0.6,2.4849936739450235e-05
sub-03,378,0,-3.623045115818637e-06,1.8311981148390752e-06,0.334,2.190375664491975e-05
sub-03,379,0,-1.4486214649671222e-06,8.594448383137183e-06,0.372,2.2455704798688877e-05
sub-03,380,0,-2.1981609021639956e-06,6.391059218323453e-06,0.6,1.9975474903571374e-05
sub-03,381,0,4.5246845687822593e-07,1.2256200388427593e-05,0.373,2.628205209342758e-05
sub-03,383,1,1.3831228195708918e-06,1.6695196272210244e-05,0.539,3.1438105071917854e-05
sub-03,384,0,-3.427926423650632e-06,3.88299669091073e-06,0.279,1.7965113262562003e-05
sub-03,385,0,1.0773167207856022e-06,1.7953895445452713e-05,0.32,2.9856449680679632e-05
sub-03,387,0,3.5686097023652307e-06,1.9329923729203325e-05,0.561,2.473587561633655e-05
sub-03,388,0,2.2030395449496262e-06,2.125837746024227e-05,0.395,3.290303763456341e-05
sub-03,389,0,7.234511263124794e-07,7.168114402260673e-06,0.561,1.5143702986371345e-05
sub-03,390,0,8.82032718514564e-06,2.9458378648448833e-05,0.403,2.782373795209914e-05
sub-03,391,0,2.996666279049786e-07,1.4879076614349003e-05,0.27,2.92630687478525e-05
sub-03,392,0,3.2865681870825784e-06,1.97023867766225e-05,0.456,3.256069688929068e-05
sub-03,393,0,-6.427035845478009e-07,6.285530031151742e-06,0.423,2.8726324792298392e-05
sub-03,394,0,-2.8105660386456035e-07,1.2548420022134312e-05,0.6,2.8450580664244843e-05
sub-03,395,0,8.618116056967634e-08,5.607358253613799e-06,0.557,1.9602111122059287e-05
sub-03,397,0,-4.166311655662443e-07,1.4454513413692344e-05,0.587,3.5265435774247804e-05
sub-03,398,1,3.4327477629668182e-06,2.619505369750705e-05,0.573,3.562231640197735e-05
sub-03,399,0,-9.693337694305415e-07,1.0242921812066433e-05,0.403,2.743693301813666e-05
sub-03,400,0,7.30489765072135e-06,1.8813641265027547e-05,0.329,1.889808800540425e-05
sub-03,401,1,-1.8327242842178548e-06,7.351632313302434e-06,0.581,1.7992015694789733e-05
sub-03,402,0,-6.758466187948807e-06,-4.283960988755565e-06,0.6,1.8128247964141038e-05
sub-03,403,1,4.43161590428197e-06,2.2473643096824667e-05,0.503,2.394897485256661e-05
sub-03,404,0,6.3251634531629915e-06,1.4013936520613212e-05,0.358,1.6488380532484784e-05
sub-03,405,0,-1.764481899728251e-06,1.1209553441608388e-05,0.295,1.9400028847340678e-05
sub-03,406,0,9.100558392798723e-06,2.2824401001018043e-05,0.352,2.1863810998903257e-05
sub-03,407,0,-6.1246205498503725e-06,3.1064325149515047e-06,0.498,2.1973331637591556e-05
sub-03,408,1,1.6324306809754795e-06,1.4297800620565975e-05,0.315,2.549451293833821e-05
sub-03,409,1,1.9028432052148956e-06,1.70975095212109e-05,0.494,2.25093523150151e-05
sub-03,410,0,-8.33786282488229e-07,1.266361618825383e-05,0.588,2.6407913990151385e-05
sub-03,412,0,8.244355894294848e-07,1.662078214148055e-05,0.253,2.557893797022533e-05
sub-03,413,1,-1.2783159369964327e-06,2.2996952059903985e-05,0.319,3.924502725343086e-05
sub-03,414,0,2.39620933597167e-06,1.5500717427411096e-05,0.427,1.9417936730614138e-05
sub-03,416,0,-1.4398134356634475e-06,8.150253632618114e-06,0.583,2.4948375394092607e-05
sub-03,417,0,4.5681468354602e-07,1.2920869260822197e-05,0.578,2.1176954799153385e-05
sub-03,418,0,5.28363527619851e-06,3.0417368821929076e-05,0.337,3.70603759853039e-05
sub-03,419,0,2.4287360741378312e-06,2.083154060311852e-05,0.304,3.534516461152558e-05
sub-03,420,0,4.560033691832877e-08,1.0237774238518582e-05,0.548,2.039191589917653e-05
sub-03,421,0,-2.1545743748240336e-06,1.2356164860886288e-05,0.527,2.862145458402693e-05
sub-03,423,1,3.2357827488338207e-07,9.73674895176316e-06,0.258,1.6972535017745096e-05
sub-03,424,0,-1.9733776306347644e-06,1.321780786479928e-05,0.34,3.107394608684494e-05
sub-03,425,0,-3.8065583423172656e-07,1.9084176650558763e-05,0.485,3.6898629104274843e-05
sub-03,426,1,6.499519274971339e-06,2.0666096376933816e-05,0.269,1.8416530013748562e-05
sub-03,427,0,8.567555363597802e-07,1.528438265551424e-05,0.52,3.6727613132640216e-05
sub-03,428,0,1.831939832562818e-06,1.5259708950919388e-05,0.319,2.9959304627656307e-05
sub-03,429,1,1.0946550412427511e-06,2.1646711611209028e-05,0.514,2.94385868461952e-05
sub-03,430,0,-1.183813831235254e-06,1.036413346214701e-05,0.294,2.37767045709491e-05
sub-05,0,0,-3.7080049567242595e-07,1.714900662017559e-05,0.25,2.7425043703756084e-05
sub-05,2,0,2.2518826402860427e-06,1.5060352658231774e-05,0.522,2.606648003607598e-05
sub-05,3,0,-6.757686889606099e-06,1.6971400576879896e-06,0.25,2.7982952071588587e-05
sub-05,4,1,-1.917961582783071e-06,1.1673048980954595e-05,0.297,2.662568429559834e-05
sub-05,5,0,-7.336907840888559e-07,6.42353936757377e-06,0.6,1.7032558085121443e-05
sub-05,6,0,-2.9210055594043376e-07,1.8314147671643185e-05,0.426,2.8137201859636908e-05
sub-05,8,0,-8.046434463473079e-06,-3.7455742144513653e-06,0.438,3.4213046315402704e-05
sub-05,9,1,-1.5201314309736167e-06,9.360352581351237e-06,0.501,1.899652525277383e-05
sub-05,10,0,-4.0264584965461935e-07,1.615964067699431e-05,0.523,3.103581664733518e-05
sub-05,11,1,2.4878210767285397e-06,2.0515908801947108e-05,0.25,2.8072605924592752e-05
sub-05,12,0,2.1568092470923728e-06,1.235460950159754e-05,0.303,2.6061259492522234e-05
sub-05,13,0,1.8617743614482896e-06,9.975433021154168e-06,0.447,2.4409151177018793e-05
sub-05,14,0,-4.290055079379276e-06,1.9800960626292585e-06,0.29,2.2498879638921548e-05
sub-05,15,0,-5.567195559411762e-06,5.2824504443442215e-06,0.6,2.1294214582748647e-05
sub-05,16,0,-5.215532643726876e-07,1.0514681644172657e-05,0.535,2.544655584130372e-05
sub-05,17,0,-4.99880156394202e-06,7.168892585280647e-06,0.6,2.949338536707905e-05
sub-05,18,0,-2.544007993720952e-06,1.4309255318995888e-05,0.512,3.181869328271736e-05
sub-05,19,0,-2.9272448862389625e-06,8.96746395576519e-06,0.561,2.3840849067966453e-05
sub-05,20,0,-1.1240039515842424e-07,1.2160745776459394e-05,0.412,2.3843959220837128e-05
sub-05,21,0,-1.7683981262508756e-06,8.229876417010427e-06,0.564,2.4461191784778646e-05
sub-05,23,0,-3.3558139019315296e-06,1.3267468669038537e-05,0.519,3.451918243415355e-05
sub-05,24,0,-3.943849999509239e-06,1.473830686604823e-05,0.5,3.7030995824004986e-05
sub-05,25,0,1.0030641751666736e-06,1.5635857661823877e-05,0.499,2.8007090556978353e-05
sub-05,26,0,-1.1917230168021311e-06,1.4686678354549322e-05,0.594,3.918523305000796e-05
sub-05,27,0,4.965643873061335e-06,2.2267972356249977e-05,0.506,3.761557043269079e-05
sub-05,28,0,4.6838561780827155e-06,2.108814913134733e-05,0.536,3.282072662626197e-05
sub-05,30,0,1.958045823013601e-06,1.4753451706737404e-05,0.31,2.341860099584165e-05
sub-05,32,0,-3.7304804795887007e-06,6.247768208250772e-06,0.261,2.426728308044838e-05
sub-05,33,0,-4.918327594501479e-06,4.8726571725196175e-06,0.551,2.3512414406634226e-05
sub-05,34,0,-1.1208557734670916e-06,1.3519062331819297e-05,0.34,3.6464714773851186e-05
sub-05,35,1,4.5607021148082885e-07,1.296461565569332e-05,0.357,2.3815836898662457e-05
sub-05,36,0,1.483262809642691e-06,1.5675888223000428e-05,0.519,2.1437880720386457e-05
sub-05,37,0,4.807742790990857e-06,2.146464035883076e-05,0.547,3.37886612822839e-05
sub-05,38,1,3.2468514446297917e-06,1.3209276946151992e-05,0.537,2.5598655924236348e-05
sub-05,39,0,3.4451602335059654e-08,6.889907587343999e-06,0.25,2.1775004026552e-05
sub-05,40,0,1.2574099661368318e-06,1.6622266198649255e-05,0.448,3.110390604439548e-05
sub-05,41,0,-3.1273520251095394e-06,7.310200671253873e-06,0.307,2.379966871622868e-05
sub-05,42,1,-4.331625814384699e-06,1.3864093697444356e-05,0.289,3.7013894163717684e-05
sub-05,43,0,-4.601702069506486e-06,6.67215724728947e-06,0.286,2.592541971871539e-05
sub-05,44,0,-1.4818031843476243e-06,3.5000994680860013e-06,0.311,2.0328357275506474e-05
sub-05,45,0,-1.9718477719535576e-06,7.855567094713196e-06,0.33,2.021212944301977e-05
sub-05,46,0,5.1400157865018435e-06,1.838251316778509e-05,0.509,2.2959735316934096e-05
sub-05,47,0,-5.774027481518163e-06,2.6376160217497914e-06,0.578,3.100790513579194e-05
sub-05,48,0,1.8965713450683786e-07,1.5890406173548678e-05,0.311,2.7561763823538987e-05
sub-05,49,0,-2.0744198885740932e-06,1.2879327158069271e-05,0.366,3.2609586970645285e-05
sub-05,50,0,3.6910443967934382e-06,1.726111654082672e-05,0.341,2.581254939220074e-05
sub-05,52,0,-1.0452701103056125e-05,1.2206516163070208e-05,0.31,5.244042155821662e-05
sub-05,53,0,-5.736967023334988e-06,7.627425445051388e-07,0.463,2.5006034862346534e-05
sub-05,54,0,3.989880312981185e-06,1.6239678520787104e-05,0.26,2.7791014863062474e-05
sub-05,55,0,-2.938862474871222e-07,1.3971174035834064e-05,0.265,2.9214449664075576e-05
sub-05,56,0,-5.013875091102387e-06,-1.0654217080370623e-06,0.25,2.101802962436669e-05
sub-05,57,0,9.42901810014767e-07,1.3311659752458359e-05,0.25,2.6393084588150106e-05
sub-05,58,1,3.6712444347010444e-06,2.5699027516743654e-05,0.298,3.505940744721932e-05
sub-05,59,0,-5.053517387476334e-07,6.233945586381344e-06,0.31,2.5915166944647774e-05
sub-05,60,0,-5.193512893869709e-06,8.237279419978077e-06,0.597,3.3778274702448344e-05
sub-05,61,0,-3.5263491325903963e-06,5.630820993803566e-06,0.266,2.5208871093370006e-05
sub-05,62,0,4.175855546802885e-06,1.8292035599707278e-05,0.492,2.607048741858336e-05
sub-05,63,0,-2.3467841293167086e-06,1.0017234050966968e-05,0.363,3.0028565940128048e-05
sub-05,64,0,-4.942679497098894e-07,1.9968960143186002e-05,0.376,2.744488987995905e-05
sub-05,65,0,-3.557540987633072e-07,1.4265862002221687e-05,0.356,2.4141626554343535e-05
sub-05,66,0,1.3206562768627879e-06,1.8955361117755193e-05,0.511,4.704630209922919e-05
sub-05,68,0,-4.270210895681838e-06,6.0730851830888365e-06,0.306,3.6995382967383595e-05
sub-05,69,0,-1.5456450476421074e-06,1.9328327471118465e-05,0.539,2.9148185713206253e-05
sub-05,71,0,-3.322046949109629e-06,1.3224304710715951e-05,0.6,3.7552404852793145e-05
sub-05,72,0,-6.546568999644342e-07,1.2283821938099216e-05,0.263,2.421184566879211e-05
sub-05,73,0,1.0144115880625514e-06,2.0682342979598786e-05,0.312,3.9331135913395515e-05
sub-05,74,0,3.5764921118349295e-06,1.726044594977695e-05,0.324,2.9306707568190563e-05
sub-05,75,1,5.976505642036109e-06,3.3937985119797975e-05,0.325,3.4687462038130054e-05
sub-05,76,0,1.3085941991386077e-06,1.46664501046188e-05,0.257,2.668297422721619e-05
sub-05,77,0,-2.165756188790906e-06,1.2874978358360515e-05,0.541,2.9804697673186612e-05
sub-05,79,0,-3.4120846126761423e-06,1.880474062144638e-05,0.514,4.3965599818331224e-05
sub-05,80,0,-5.089366934774657e-06,3.713719237040528e-06,0.538,2.6221712086254405e-05
sub-05,81,0,-1.081120644633801e-06,8.294259209103275e-06,0.449,1.7692416678766834e-05
sub-05,82,0,4.970643788348085e-07,1.8644738340305826e-05,0.585,3.484169682016253e-05
sub-05,83,0,1.0965890096498886e-06,1.4963556330823645e-05,0.301,2.9427731389863967e-05
sub-05,84,1,5.185248128115311e-06,3.081244481975118e-05,0.307,3.661358634650065e-05
sub-05,85,0,-2.6263039948152866e-06,1.01568369130424e-05,0.413,2.8027412511451756e-05
sub-05,86,0,-5.268035885965667e-06,6.426010798691395e-06,0.33,2.7014149514700512e-05
sub-05,87,0,3.861354479588541e-06,2.5869659557282348e-05,0.307,3.822944548152268e-05
sub-05,89,0,-6.218803612903557e-06,-4.0271920943846924e-07,0.6,2.584948836383273e-05
sub-05,90,0,2.684265562389251e-06,1.7240581423539374e-05,0.513,2.832680641457473e-05
sub-05,91,0,-2.41438928055629e-06,1.1162522237760478e-05,0.521,2.5884787137559995e-05
sub-05,92,0,-3.2337582940597077e-06,9.088879507778169e-06,0.6,2.6499359085225674e-05
sub-05,93,0,-5.298477231786169e-07,1.4789964899284056e-05,0.515,3.1479327089867386e-05
sub-05,94,0,5.090531925859089e-06,2.4338152046792308e-05,0.547,3.6333486506399124e-05
sub-05,96,0,-7.507721550320567e-06,-4.700949759718626e-06,0.596,2.802096779515432e-05
sub-05,97,0,-6.392493328351277e-06,7.701611320490812e-06,0.578,3.1427575066872535e-05
sub-05,98,0,1.4525686746344624e-06,2.170547734684063e-05,0.473,3.2711087211403144e-05
sub-05,99,0,-3.357390354137688e-06,5.674779742753212e-06,0.399,2.366397362295406e-05
sub-05,101,0,-9.11588592007472e-07,1.2383068440720266e-05,0.392,3.397437769795282e-05
sub-05,102,0,-5.748809787851039e-06,6.146088667315748e-06,0.254,2.403047003694701e-05
sub-05,103,0,-9.929802761518756e-07,1.3375108735160734e-05,0.266,3.11673107652929e-05
sub-05,104,0,6.620204266118694e-07,1.3112524996473697e-05,0.579,2.3399931154432274e-05
sub-05,105,0,1.8207645422233216e-06,1.4037951206442991e-05,0.595,2.592792993871788e-05
sub-05,106,0,-3.2297487425481804e-06,8.155965308316536e-06,0.456,2.3332729288790944e-05
sub-05,107,0,-8.460266009225597e-07,1.0317371244667245e-05,0.363,2.7287999387021596e-05
sub-05,108,0,2.67721148323795e-06,1.6817596734179985e-05,0.315,2.0392850374538205e-05
sub-05,110,0,-7.248099627496455e-07,1.0239407035458527e-05,0.401,2.1972725284629697e-05
sub-05,112,0,7.039659115075737e-07,1.132383135007549e-05,0.418,3.4722711237946214e-05
sub-05,113,0,-2.273685807219243e-06,1.3326976100313645e-05,0.599,4.0344134774958316e-05
sub-05,114,0,-7.3803988992384415e-06,9.522782413329863e-06,0.595,2.8129257318061682e-05
sub-05,115,0,-2.334063399697725e-06,1.743937057383724e-05,0.443,4.0082578054890806e-05
sub-05,116,0,4.118405782124208e-06,1.5051299603537275e-05,0.284,2.4300776659694742e-05
sub-05,117,0,-3.2747874329881216e-06,4.391076503194427e-06,0.559,2.3282642020410612e-05
sub-05,118,0,9.878268543118749e-07,1.5658007781491646e-05,0.568,3.208600119501837e-05
sub-05,119,0,5.071177652511669e-06,3.226492414986106e-05,0.353,4.213119272944219e-05
sub-05,120,0,-3.6816460242806594e-06,5.7036791938927765e-06,0.31,2.84208398870742e-05
sub-05,121,0,-1.3623737910175772e-06,1.114823159985209e-05,0.479,2.9334880842583478e-05
sub-05,122,0,3.152405924438431e-06,1.4209439818051417e-05,0.301,2.6440971200946736e-05
sub-05,123,0,1.2306716730263143e-06,1.287247226885366e-05,0.565,2.712633874265567e-05
sub-05,124,0,6.493819141776014e-06,3.094885508478829e-05,0.522,4.7781189288661116e-05
sub-05,125,0,-3.303927853280974e-07,1.7859515360062432e-05,0.308,3.99377776980085e-05
sub-05,126,0,-3.32031079204188e-06,6.960303205684028e-06,0.507,2.789957310524262e-05
sub-05,127,0,-6.130352800102979e-06,6.939762967584496e-06,0.513,3.6645783276692746e-05
sub-05,128,0,1.8076603847620793e-06,2.4990996995019836e-05,0.531,4.270454450655062e-05
sub-05,129,0,3.4329325288151956e-06,2.3507492917027233e-05,0.361,2.9721198845136444e-05
sub-05,131,0,-1.0756520392886624e-06,6.1515948716592045e-06,0.307,2.0167478288859878e-05
sub-05,132,0,7.562152791621113e-07,2.660305418054478e-05,0.25,3.445191492118088e-05
sub-05,133,0,-2.4051995361434843e-06,1.2638085751168852e-05,0.301,3.113824802741686e-05
sub-05,134,0,-8.247775105271265e-06,-3.493464532207321e-06,0.532,2.186036109972063e-05
sub-05,135,0,4.483264433028707e-06,2.582491365134349e-05,0.27,2.9856346499298892e-05
sub-05,136,0,4.449809300195994e-06,2.306499859055427e-05,0.506,2.6155200518321778e-05
sub-05,137,0,-1.7216176336813007e-06,2.766378386452972e-05,0.332,4.3915787829174255e-05
sub-05,138,0,-9.057877126976001e-07,1.4378617740842618e-05,0.6,3.537072875689139e-05
sub-05,139,0,8.40595507330992e-06,3.009037552715205e-05,0.439,3.389918698651642e-05
sub-05,140,0,4.540381763674026e-06,1.968484273625954e-05,0.456,3.956377739775347e-05
sub-05,141,0,-3.162358611445442e-06,8.76803752429409e-06,0.564,2.648473052809948e-05
sub-05,142,0,3.3317034040748327e-06,3.0203511099266095e-05,0.525,4.9554155688970634e-05
sub-05,144,0,2.7404231512802903e-06,1.9756886300574468e-05,0.555,3.2705184554347546e-05
sub-05,145,0,-5.836166393304293e-07,8.930224040581667e-06,0.564,2.7544059780200053e-05
sub-05,146,0,-7.684027856274866e-07,8.887156157079067e-06,0.519,1.8895732917340406e-05
sub-05,147,0,1.6625946315679768e-06,1.9254291029204773e-05,0.415,3.1799654700491105e-05
sub-05,149,0,1.7727804057139856e-06,1.2031892696633107e-05,0.59,2.47143751462322e-05
sub-05,150,0,1.5463119131457666e-07,6.515755918203898e-06,0.428,2.49541584417518e-05
sub-05,151,0,3.392564034337336e-06,2.1718152845108658e-05,0.298,3.1187817733506585e-05
sub-05,152,0,5.27761368763761e-07,1.4626761124389752e-05,0.317,3.462887025316443e-05
sub-05,153,1,6.807698416716134e-07,1.9026113961983354e-05,0.318,3.1662000519241676e-05
sub-05,154,0,1.6875385028224474e-06,1.6587093197028378e-05,0.58,3.4433155560616215e-05
sub-05,155,0,1.412178213324071e-06,1.8968163057661915e-05,0.319,3.5451759880357405e-05
sub-05,156,0,1.4173973728661399e-06,2.978197457347745e-05,0.55,5.37559327879461e-05
sub-05,157,0,-2.1944285652064672e-07,1.0397020182782334e-05,0.51,2.3256250410029113e-05
sub-05,158,0,-2.20979932202638e-06,3.5681371150203888e-06,0.417,2.336266613782724e-05
sub-05,160,0,-9.347383388576447e-06,8.674495701260074e-06,0.555,3.244308240474671e-05
sub-05,161,0,-1.4060928762556942e-06,1.7860796332331506e-05,0.512,3.9791361956471494e-05
sub-05,162,0,1.7300457131699604e-06,2.5617026210905264e-05,0.267,3.418528334837963e-05
sub-05,163,0,-9.83353064372985e-06,6.436141764267635e-06,0.6,4.2003467337155876e-05
sub-05,164,0,-3.0527974544255406e-06,7.3915139957530745e-06,0.541,3.352971972733918e-05
sub-05,165,0,-5.231500491020896e-06,7.625854018027833e-06,0.59,4.0065030541200926e-05
sub-05,166,0,-1.1282347029470121e-07,1.1547323057350343e-05,0.4,2.3156421228285555e-05
sub-05,167,0,-4.164414554902159e-06,7.661344327605128e-06,0.571,3.13439546321237e-05
sub-05,168,0,-3.0610362079185112e-06,7.960544317224081e-06,0.514,2.867392499958031e-05
sub-05,169,0,-1.9137150872921694e-06,1.359966792168989e-05,0.497,3.064530499455621e-05
sub-05,171,0,6.483066897749588e-07,1.2227926506928265e-05,0.425,3.3188990297121475e-05
sub-05,172,0,-1.1778659504589916e-06,1.2532659464828738e-05,0.274,3.0916378559107076e-05
sub-05,173,0,3.05544811457912e-06,2.7293477535186393e-05,0.518,4.830583416115751e-05
sub-05,174,0,2.7182417824253815e-06,1.6689427978575392e-05,0.393,2.9906060698929547e-05
sub-05,175,0,-6.476561303190362e-07,1.994341193239485e-05,0.322,3.991016972161781e-05
sub-05,176,0,-3.9552875043825095e-06,1.2415770754360809e-05,0.523,4.0451560913148796e-05
sub-05,177,0,-2.2106625654008968e-06,6.331205905356769e-06,0.578,2.307566972413345e-05
sub-05,178,0,-3.3786301604898517e-06,5.027300534346131e-06,0.332,2.349463315492053e-05
sub-05,179,0,-5.045711957126016e-06,1.300084333655657e-05,0.519,3.6956607105130426e-05
sub-05,180,0,-1.677561221387489e-06,1.75907243602005e-05,0.6,3.366004622181014e-05
sub-05,181,0,4.480325419826567e-06,2.6414414398123243e-05,0.497,3.276184833485573e-05
sub-05,182,0,-2.52481210636951e-06,3.36640976988948e-06,0.6,2.282395004033039e-05
sub-05,183,0,4.367545019139398e-06,2.7620962021878432e-05,0.304,3.7306482214911785e-05
sub-05,184,0,-3.5300341803089976e-06,1.0188414837215407e-05,0.341,5.1008930634823256e-05
sub-05,185,0,4.765239585934338e-06,2.9987281046684656e-05,0.544,3.7675578882032744e-05
sub-05,186,0,-4.0030207589877423e-07,1.5701316221049997e-05,0.365,3.739271530201529e-05
sub-05,187,0,1.9396725999580303e-07,1.3452586829057757e-05,0.304,2.4282203071773304e-05
sub-05,188,1,6.818145647492844e-07,2.1091064701489123e-05,0.298,3.6010002751704764e-05
sub-05,189,0,-4.891014145388174e-06,1.1773646535300575e-05,0.6,3.989230022329502e-05
sub-05,191,0,3.101023474313842e-06,2.8860295250414806e-05,0.532,5.058778816038644e-05
sub-05,193,0,-5.049891905577577e-07,9.634314195540526e-06,0.38,2.6241435981637116e-05
sub-05,194,0,-8.667864855543887e-07,8.00938454196346e-06,0.588,2.2484895923477496e-05
sub-05,195,0,-1.1176555333873205e-06,1.0734523517716154e-05,0.503,3.089857575214223e-05
sub-05,196,0,-7.910900951383786e-07,1.5993877054840176e-05,0.447,2.9496842147198704e-05
sub-05,197,0,-8.057814709257514e-07,1.4082206798776207e-05,0.499,2.6957297770366903e-05
sub-05,199,0,-5.7541356221448904e-06,1.196390193306739e-07,0.509,3.2588061336090795e-05
sub-05,200,0,-9.786531319198315e-08,1.9232484132296293e-05,0.441,3.878298513574262e-05
sub-05,201,0,-4.7732065100137935e-06,1.788686232089883e-05,0.25,3.480600764558233e-05
sub-05,203,0,2.3604364197634723e-06,1.5582544699256444e-05,0.531,2.3912419107158677e-05
sub-05,204,0,-6.960094371740943e-06,4.788047678715944e-06,0.296,2.2295301252059765e-05
sub-05,205,0,-3.113294920245252e-06,1.5026122719700997e-05,0.382,3.887204041384021e-05
sub-05,206,0,-3.855914159949333e-06,6.774229452370612e-06,0.33,3.198451275442427e-05
sub-05,207,0,-6.54169257508603e-06,1.2121587044358905e-06,0.324,2.0874388756504802e-05
sub-05,208,0,5.801540693803e-07,1.7396580500096195e-05,0.6,3.1700702326702734e-05
sub-05,209,0,-3.9770816230296906e-07,1.6773436919818532e-05,0.426,3.629872651736951e-05
sub-05,210,0,2.782887504264973e-07,1.5677131131527206e-05,0.6,2.615488074913323e-05
sub-05,211,0,-4.487499082195485e-06,8.133298272927761e-06,0.597,3.887420445165174e-05
sub-05,212,0,2.4483009258627736e-06,2.397932055007711e-05,0.298,3.318438129441023e-05
sub-05,213,0,-2.16145526370917e-07,1.4554631530040643e-05,0.529,2.7135198931012878e-05
sub-05,214,0,-1.4912525526176006e-06,2.5184126686158856e-05,0.59,4.983597451686685e-05
sub-05,215,0,-5.068007751169257e-06,3.4309420829186018e-06,0.433,3.198129403199764e-05
sub-05,216,0,-4.4018447571520725e-06,1.3914637938939439e-05,0.306,3.9746460483323925e-05
sub-05,217,0,-3.0974721145958405e-06,1.2051132862679656e-05,0.569,3.137352422413235e-05
sub-05,219,0,-1.4046030867284761e-06,2.9017020117714754e-06,0.525,2.0589776620295477e-05
sub-05,220,0,-1.4364549372355027e-06,1.7907011885308486e-05,0.6,4.6642666699921566e-05
sub-05,221,0,-3.4876918082040985e-06,1.2567552667455918e-05,0.595,3.729950022723737e-05
sub-05,222,0,-1.9540286461545892e-06,9.728846850445431e-06,0.425,3.038444816845327e-05
sub-05,223,0,3.95107763490889e-06,2.5054181538226042e-05,0.516,3.505415267629296e-05
sub-05,224,0,2.539268432190776e-06,2.0363167740331368e-05,0.325,2.4195109682755748e-05
sub-05,225,0,1.7632999945108721e-06,2.141089704975606e-05,0.328,3.702111489736887e-05
sub-05,226,0,3.045653096121158e-06,1.7999449561992408e-05,0.279,2.681612019502049e-05
sub-05,227,0,-3.3708445935891706e-06,9.285746790389043e-06,0.533,3.421515996700196e-05
sub-05,228,0,-4.817215617149122e-06,1.8302503144109017e-06,0.579,2.7584996100674613e-05
sub-05,229,0,-3.0848981294111695e-06,1.5863883997797022e-05,0.268,3.645641182496784e-05
sub-05,230,0,-5.015290199100534e-06,9.383770726893793e-06,0.512,3.654498068932136e-05
sub-05,231,0,2.6400015479632598e-06,2.1038949621211446e-05,0.6,2.6942916190363245e-05
sub-05,232,0,2.470501972032659e-06,1.9164050218085846e-05,0.493,3.0320320687009755e-05
sub-05,233,0,-3.0678983953041e-06,9.147015486315603e-06,0.591,2.8976556824779124e-05
sub-05,234,0,-9.577730219265832e-06,4.595305809352037e-06,0.458,3.545688292924415e-05
sub-05,235,0,-1.3224237748412656e-06,7.322795034895247e-06,0.446,2.5362181668858663e-05
sub-05,236,0,-1.8580530760192021e-06,1.902037563547563e-05,0.481,4.392395594948149e-05
sub-05,237,0,-3.14985203735085e-06,1.3783679045694953e-05,0.584,3.3461737874021395e-05
sub-05,238,0,5.4561246092902265e-06,2.7465951099565508e-05,0.346,3.439704062652281e-05
sub-05,239,0,-7.525613761099636e-06,-1.6186071761262924e-06,0.597,2.6706783170720924e-05
sub-05,240,0,-5.095138984962859e-06,4.563345776487322e-06,0.592,2.9468749268263204e-05
sub-05,242,0,9.425974090115363e-07,1.0395508058490877e-05,0.547,1.794547611780885e-05
sub-05,243,0,2.353988860472878e-06,1.2965137979484192e-05,0.268,2.1459430549343698e-05
sub-05,244,0,4.3960686604231204e-06,2.0722753354307237e-05,0.308,3.0988256680280514e-05
sub-05,245,0,3.2545617486861165e-06,8.76649373028317e-06,0.6,2.119754089406899e-05
sub-05,246,0,1.230705419744494e-06,9.67956652108346e-06,0.44,1.9907881161104634e-05
sub-05,248,0,-1.7181034760479696e-06,5.4871429562097405e-06,0.301,2.571958897851578e-05
sub-05,249,0,-5.006199316344836e-06,4.122791377625972e-06,0.407,1.740403815393488e-05
sub-05,250,0,-1.450275030776213e-07,9.308410188001215e-06,0.553,2.5863343811996105e-05
sub-05,251,0,-3.6692090034466046e-06,8.3240974106398e-06,0.251,2.6394981455029594e-05
sub-05,252,0,-2.107740125352351e-06,1.0549237984614298e-05,0.595,3.213595171200834e-05
sub-05,253,0,-2.0502154781529736e-06,3.877111870980052e-06,0.511,2.0000404223237658e-05
sub-05,254,0,-6.438325398918296e-07,1.8241745829048163e-05,0.496,3.166364952076832e-05
sub-05,255,0,1.4201514462853832e-07,1.9383931144470055e-05,0.509,3.591815056867124e-05
sub-05,256,0,2.4655023626588174e-06,1.4780764730010615e-05,0.579,2.763221058229343e-05
sub-05,257,0,5.874710152609218e-06,2.2399265278156897e-05,0.301,3.3954679407619527e-05
sub-05,258,0,-3.250442375588379e-06,9.076298463190546e-06,0.6,2.657762707649102e-05
sub-05,259,0,1.2472767795740526e-09,2.0455922256423404e-05,0.432,4.5928422379337186e-05
sub-05,260,0,-3.1711282116076847e-06,1.2194536286473178e-05,0.292,3.8543042653068e-05
sub-05,261,0,6.200656405154871e-06,2.9379129631342645e-05,0.47,3.909727902706333e-05
sub-05,262,0,2.9709307861478606e-07,1.3925465981759507e-05,0.375,3.1867943024286045e-05
sub-05,263,0,-1.9920630474129996e-06,1.241648745028542e-05,0.6,2.9430715496244576e-05
sub-05,264,0,7.832437027779732e-07,1.3945985050201775e-05,0.6,2.8798129038146282e-05
sub-05,265,0,-4.140764646280248e-06,2.913140803702175e-06,0.309,2.6603844020100625e-05
sub-05,267,0,-6.678544118964689e-06,5.547742617074052e-06,0.576,2.2550511849651862e-05
sub-05,268,0,4.298459763608594e-06,2.099517927876454e-05,0.344,2.8619082308048653e-05
sub-05,269,0,3.033186312663135e-07,1.1974102711286036e-05,0.408,3.0076053752326932e-05
sub-05,270,0,-4.475826949756349e-07,1.6309393843704105e-05,0.591,3.163892229491777e-05
sub-05,271,0,-9.661946554402883e-06,1.5289593274918805e-05,0.58,4.429884788090269e-05
sub-05,272,0,-1.1134928587788787e-06,2.8238260024486195e-05,0.336,5.2432520612736544e-05
sub-05,273,0,3.1350569883819726e-06,2.9603135671507267e-05,0.272,3.835244619477784e-05
sub-05,274,0,2.0633703929873763e-06,2.7090379347016937e-05,0.422,4.2204765916318166e-05
sub-05,275,0,1.1018213155372593e-06,2.5851081605957503e-05,0.304,5.702202596396802e-05
sub-05,276,0,-9.436331780277836e-07,1.951619154160787e-05,0.6,3.601240050892357e-05
sub-05,277,0,1.739227202500952e-06,1.491657623070764e-05,0.259,2.6232383001337136e-05
sub-05,278,0,3.0825766056657474e-07,1.7919934207663257e-05,0.499,3.2181602447134445e-05
sub-05,279,0,-6.16629116009351e-06,1.5534924603253296e-05,0.494,4.664384315684387e-05
sub-05,280,0,1.0473267011242274e-06,1.8920401509710572e-05,0.409,4.3288716104219586e-05
sub-05,281,0,-4.502394341807693e-06,5.371732341055894e-06,0.348,2.726260252748947e-05
sub-05,282,0,-4.871812072509712e-06,1.4359535230927913e-05,0.391,4.1807695177984894e-05
sub-05,283,0,4.6900205633503025e-06,1.9163855031695266e-05,0.321,2.7861485598749243e-05
sub-05,284,0,-5.545019966713031e-07,1.4035223474032982e-05,0.297,3.437636584990047e-05
sub-05,285,0,4.191810335686599e-06,2.0029190133618316e-05,0.288,3.3756352219812744e-05
sub-05,286,0,-6.104865683575452e-06,3.811630416730401e-06,0.402,3.1355165078803424e-05
sub-05,287,0,2.0232368662207386e-06,2.532383498348675e-05,0.411,4.951478940755112e-05
sub-05,288,0,-9.127974945944044e-07,1.3976932002411678e-05,0.582,3.1540710416868446e-05
sub-05,289,0,-7.817111419910094e-07,1.8923657052655636e-05,0.524,3.5129607611983374e-05
sub-05,290,0,-9.059909459371836e-08,2.7441815381404665e-05,0.582,4.1866671343469994e-05
sub-05,291,0,-1.1811609477197763e-06,7.500132016677508e-06,0.414,2.6914606329858636e-05
sub-05,292,0,-5.173196623259793e-08,1.5942426726048334e-05,0.337,3.680073178796369e-05
sub-05,293,0,-7.94425627237155e-07,1.3425894587389819e-05,0.356,3.2892658157436336e-05
sub-05,294,0,1.9777279651582082e-06,2.2218877558855773e-05,0.598,4.4702273325508175e-05
sub-05,295,0,1.5643127937279741e-06,1.1753934807767743e-05,0.284,1.9585343651114787e-05
sub-05,296,0,-1.3575816529624446e-06,1.4810647719097356e-05,0.432,3.436517457527006e-05
sub-05,297,0,2.2302496187346e-06,1.6804577516223754e-05,0.346,3.0113424614531576e-05
sub-05,298,0,-3.4591691542283037e-06,2.4160116637924558e-05,0.314,4.5481196894266306e-05
sub-05,299,0,-4.491738026520778e-06,7.264850580531812e-06,0.575,3.447111068485858e-05
sub-05,300,0,-3.749177181605778e-06,9.92492629560585e-06,0.58,3.2676738381997164e-05
sub-05,301,0,-5.151505740614262e-06,1.3594010821756679e-05,0.424,3.658705945225333e-05
sub-05,302,0,-8.146269074830604e-07,2.2128738456685797e-05,0.286,4.600591540990355e-05
sub-05,303,0,-7.317580066020651e-07,1.882991084323274e-05,0.595,2.979105719921707e-05
sub-05,304,0,-3.1043544610594547e-06,1.0024213274448098e-05,0.37,2.8777664856558164e-05
sub-05,305,0,-2.8860003160736972e-06,9.701144728368635e-06,0.546,3.081673299839147e-05
sub-05,306,0,-1.7372313638210316e-06,1.4345235071017884e-05,0.442,3.934178336117484e-05
sub-05,307,0,-9.160794276465763e-07,8.703882231176209e-06,0.394,2.4603207918115045e-05
sub-05,308,0,3.619303037396784e-07,1.896181061336396e-05,0.323,3.587180178001148e-05
sub-05,309,0,3.552451091541214e-06,2.3676444599640545e-05,0.315,2.8614701521087397e-05
sub-05,310,0,1.6838932560295164e-07,1.3329546847207184e-05,0.341,3.384797318387992e-05
sub-05,311,0,-1.007336202221005e-06,1.3516079065756972e-05,0.6,3.401320539650024e-05
sub-05,312,0,-4.112409499414485e-06,9.630346665587513e-06,0.587,3.778135381772908e-05
sub-05,313,0,-2.7077896277870667e-06,1.0975137947184267e-05,0.297,3.322858911298838e-05
sub-05,314,0,-1.6339390005719225e-06,1.2706591784452112e-05,0.424,4.2022485774494955e-05
sub-05,315,0,1.184161499978782e-06,1.5137157268651536e-05,0.415,2.4791815835556172e-05
sub-05,316,0,-2.7141143777826986e-06,8.00059433669154e-06,0.556,2.9631151620095007e-05
sub-05,317,0,8.190330682989612e-07,1.9088862722895877e-05,0.313,3.715443475829432e-05
sub-05,318,0,6.536791500128859e-07,1.690170223134381e-05,0.301,3.7528701323118405e-05
sub-05,319,0,4.692434657085812e-06,2.8548090077138855e-05,0.442,3.765592322335935e-05
sub-05,320,0,2.799915782211507e-07,1.3603390127204664e-05,0.299,2.226291697253388e-05
sub-05,322,0,-7.567601264502075e-07,1.2582533487345931e-05,0.293,2.5051155315422823e-05
sub-05,323,0,-1.629204196815837e-06,1.4621400147728962e-05,0.427,2.6115297843552288e-05
sub-05,324,0,2.804933014108652e-06,3.143399293536493e-05,0.364,5.937211766257223e-05
sub-05,325,0,4.214237812083632e-06,1.9347259300202796e-05,0.566,2.3513579410262936e-05
sub-05,326,0,-2.5822455825105895e-09,1.59874605656477e-05,0.332,3.772888924920543e-05
sub-05,327,0,-8.612857649399497e-06,-1.7521140119617134e-06,0.265,2.7507292556490795e-05
sub-05,328,1,-3.615008948910114e-06,2.3594452927282063e-05,0.306,5.127870868499263e-05
sub-05,329,0,-2.5098367470810535e-06,1.1066203536589955e-05,0.433,3.816621593371804e-05
sub-05,330,0,-5.412818579626138e-07,2.711423159264611e-05,0.311,4.282503984616792e-05
sub-05,331,0,3.9585314992166346e-07,8.394212689547599e-06,0.316,2.482925894002122e-05
sub-05,332,0,-2.098105783732806e-06,1.0845785060124566e-05,0.433,3.283627608649677e-05
sub-05,333,0,-2.1925408641163664e-06,7.82751980588913e-06,0.596,3.2946971459267405e-05
sub-05,334,0,6.282785151374437e-06,2.0276886359871134e-05,0.465,3.416153333027648e-05
sub-05,335,0,-2.6332893211203066e-06,1.1546201443736618e-05,0.259,2.4714250513661607e-05
sub-05,336,0,-5.847367001340779e-07,1.615329257106373e-05,0.338,3.775125971119122e-05
sub-05,337,0,-4.059636492209186e-06,1.3623300805874185e-05,0.305,3.1583311038352517e-05
sub-05,338,0,1.389416176039933e-06,2.198466156395826e-05,0.433,4.152074476743457e-05
sub-05,339,0,6.890612107649393e-06,3.330618464848346e-05,0.273,3.222477491444542e-05
sub-05,340,0,-4.2402960921927005e-06,1.1167037870717792e-05,0.285,3.362839551959453e-05
sub-05,341,0,5.490364253523577e-07,2.78503765350512e-06,0.356,1.6293020697446694e-05
sub-05,342,0,3.262777824027542e-06,1.8278193671055488e-05,0.382,2.3079553349799125e-05
sub-05,343,0,6.300884211401385e-07,2.110451918331724e-05,0.597,3.501125673615384e-05
sub-05,344,0,-3.5423733055159504e-06,2.328591599614739e-05,0.456,4.190972806463783e-05
sub-05,346,0,-3.7113031645471375e-06,1.5451115804453475e-05,0.295,3.5790582787859144e-05
sub-05,347,0,1.786132710232863e-06,1.933503076056718e-05,0.595,2.787372741921822e-05
sub-05,348,0,4.018518644606205e-06,1.4965580784750448e-05,0.397,1.7801227725325987e-05
sub-05,349,0,-9.080560271998979e-07,1.3971153387454653e-05,0.304,4.392831239958887e-05
sub-05,350,0,-2.253443939976065e-06,9.248026689033411e-06,0.361,3.3157568894555895e-05
sub-05,351,0,-3.9185243775216876e-07,1.1230471002552736e-05,0.395,2.5430679200821188e-05
sub-05,352,0,-3.6043318596406716e-06,7.31635202686095e-06,0.321,2.763844350326268e-05
sub-05,353,0,1.9746173705288842e-06,2.8984465452407173e-05,0.584,4.9214426324913e-05
sub-05,354,0,1.1565837579809274e-06,9.49366925551672e-06,0.457,2.6830367224171562e-05
sub-05,355,0,-3.077025689576476e-06,9.510662031710503e-06,0.573,2.468091287310122e-05
sub-05,356,0,7.40485867936627e-06,2.9155186821830868e-05,0.493,3.5078524654136906e-05
sub-05,357,0,2.9448044519694804e-06,1.8479069984828825e-05,0.6,3.052731991376203e-05
sub-05,359,0,9.064010244459456e-07,1.5540528315635215e-05,0.309,2.951652830301222e-05
sub-05,360,0,-3.3566850996390684e-06,1.0158300190021891e-05,0.48,2.6318285391330693e-05
sub-05,361,0,-4.104870652021461e-06,1.3954982970755172e-05,0.594,4.076247619035317e-05
sub-05,362,0,-2.2466507013145756e-06,1.2248701997752627e-05,0.5,2.9575941911525065e-05
sub-05,363,0,-4.33270265798931e-06,5.059720062398566e-06,0.326,3.153865481353011e-05
sub-05,364,0,-6.324222924827587e-06,6.07886092505615e-06,0.492,2.6600910792775146e-05
sub-05,365,0,-7.733069255967584e-06,1.1671199403645597e-06,0.332,3.0745697214150256e-05
sub-05,366,0,1.5678669014749004e-06,9.05663100076372e-06,0.587,2.8685295901201105e-05
sub-05,368,0,3.44100622150969e-06,2.4437235287998662e-05,0.528,3.6693398724396296e-05
sub-05,369,0,-6.132192510238507e-06,-5.491024782388983e-07,0.26,2.6668855877200017e-05
sub-05,370,0,4.51228402300729e-06,2.6547492559400868e-05,0.257,3.644999199492788e-05
sub-05,371,0,-1.887401313372504e-06,1.9084617537161895e-05,0.58,3.878003518758383e-05
sub-05,373,0,-5.192226094648784e-06,5.40071451708988e-06,0.595,2.5088519017918146e-05
sub-05,374,0,2.1118151981605194e-09,1.8145515648159585e-05,0.256,3.82659306528776e-05
sub-05,375,0,2.7955748567088177e-06,1.821559373420057e-05,0.341,3.5548230783275546e-05
sub-05,376,0,6.4678963168758136e-06,3.056546217751174e-05,0.535,3.4565601439885795e-05
sub-05,377,0,1.5133575905004526e-06,1.717056273301472e-05,0.25,3.991374244354632e-05
sub-05,378,0,5.094579750980504e-06,2.113517747224974e-05,0.586,3.7806478666244645e-05
sub-05,379,0,2.948243684308726e-06,2.67755716103088e-05,0.264,3.732240546553442e-05
sub-05,380,0,-5.392137885341788e-06,9.63855387498433e-06,0.59,2.8420519278882673e-05
sub-05,381,0,-2.468072445337901e-06,1.5009981334557236e-05,0.255,2.7033787443253198e-05
sub-05,382,0,2.2310366527643256e-08,2.2052885220339513e-05,0.284,5.412443213730142e-05
sub-05,383,0,-3.2112019864677613e-06,1.4992196325837978e-05,0.52,4.214617024593429e-05
sub-05,384,0,1.880717736781901e-06,2.249800258429938e-05,0.456,3.324662979202526e-05
sub-05,385,0,-7.049026270876957e-07,7.839792140157738e-06,0.415,2.0106056238904396e-05
sub-05,386,0,3.2276531807712904e-06,2.2659790201466626e-05,0.41,3.6444220282679866e-05
sub-05,387,0,3.4550667267300026e-06,1.900444014645513e-05,0.25,2.9897885881625037e-05
sub-05,388,0,-2.1113589427955526e-06,1.2201563018662122e-05,0.336,3.250027632203488e-05
sub-05,389,0,-2.691323640027534e-06,1.2059425470088703e-05,0.371,3.291996789276075e-05
sub-05,390,0,-2.5736890162839877e-06,6.975228491026057e-06,0.385,3.085515415536674e-05
sub-05,391,0,9.807206240060538e-07,1.1477655179506967e-05,0.585,2.3657309113299756e-05
